Area,Confirmed,Recovered,recovery_rate,WHO Region
Dominica,18,18,100.0,Americas
Grenada,23,23,100.0,Americas
Holy See,12,12,100.0,Europe
Djibouti,5059,4977,98.37912630954733,Eastern Mediterranean
Iceland,1854,1823,98.3279395900755,Europe
Brunei,141,138,97.87234042553192,Western Pacific
New Zealand,1557,1514,97.23827874116891,Western Pacific
Qatar,109597,106328,97.0172541219194,Eastern Mediterranean
Malaysia,8904,8601,96.59703504043127,Western Pacific
Mauritius,344,332,96.51162790697676,Africa
Norway,9132,8752,95.83880858519493,Europe
Taiwan,462,440,95.23809523809523,Western Pacific
Laos,20,19,95.0,Western Pacific
Malta,701,665,94.8644793152639,Europe
Estonia,2034,1923,94.54277286135692,Europe
Thailand,3297,3111,94.35850773430391,South-East Asia
Liechtenstein,86,81,94.18604651162791,Europe
San Marino,699,657,93.99141630901288,Europe
Finland,7398,6920,93.53879426872128,Europe
Greenland,14,13,92.85714285714286,Europe
Cuba,2532,2351,92.85150078988941,Americas
Turkey,227019,210469,92.7098612891432,Europe
Comoros,354,328,92.65536723163842,Africa
Chile,347923,319954,91.96115232393375,Americas
Germany,207112,190314,91.88941249179187,Europe
Saint Lucia,24,22,91.66666666666666,Americas
Denmark,13761,12605,91.59944771455562,Europe
South Korea,14203,13007,91.5792438217278,Western Pacific
Bahrain,39482,36110,91.45939921989768,Eastern Mediterranean
China,86783,78869,90.88070244172246,Western Pacific
Niger,1132,1027,90.7243816254417,Africa
Ireland,25892,23364,90.23636644523405,Europe
Belarus,67251,60492,89.94959182763081,Europe
Singapore,50838,45692,89.87765057634053,Western Pacific
Monaco,116,104,89.65517241379311,Europe
Switzerland,34477,30900,89.62496736955072,Europe
Austria,20558,18246,88.75376982196713,Europe
United Arab Emirates,59177,52510,88.73379860418744,Eastern Mediterranean
Guinea,7055,6257,88.6888731396173,Africa
Ghana,33624,29801,88.63014513442778,Africa
Andorra,907,803,88.53362734288865,Europe
Jordan,1176,1041,88.5204081632653,Eastern Mediterranean
Saint Kitts and Nevis,17,15,88.23529411764706,Americas
Pakistan,274289,241026,87.87300985456945,Eastern Mediterranean
Chad,922,810,87.85249457700651,Africa
Uganda,1128,986,87.41134751773049,Africa
Iran,293606,255144,86.90013146870295,Eastern Mediterranean
Bhutan,99,86,86.86868686868688,South-East Asia
Trinidad and Tobago,148,128,86.48648648648648,Americas
Latvia,1219,1045,85.72600492206726,Europe
Kuwait,64379,55057,85.52012302148216,Eastern Mediterranean
Barbados,110,94,85.45454545454545,Americas
Cameroon,17110,14539,84.97369959088252,Africa
Sao Tome and Principe,865,734,84.85549132947978,Africa
Vietnam,431,365,84.68677494199535,Western Pacific
Burkina Faso,1100,926,84.18181818181819,Africa
Jamaica,853,714,83.70457209847598,Americas
Myanmar,350,292,83.42857142857143,South-East Asia
Tajikistan,7235,6028,83.31720801658604,Europe
Slovenia,2087,1733,83.03785337805462,Europe
Saudi Arabia,268934,222936,82.89617526976879,Eastern Mediterranean
Georgia,1137,922,81.09058927000879,Europe
Croatia,4881,3936,80.63921327596803,Europe
Italy,246286,198593,80.63511527248808,Europe
Cyprus,1060,852,80.37735849056604,Europe
Lithuania,2019,1620,80.23774145616642,Europe
Western Sahara,10,8,80.0,Africa
Burundi,378,301,79.62962962962963,Africa
Tunisia,1455,1157,79.51890034364261,Eastern Mediterranean
Morocco,20887,16553,79.25025135251592,Eastern Mediterranean
Uruguay,1202,951,79.11813643926789,Americas
Mexico,395489,303810,76.8188242909411,Americas
Mongolia,289,222,76.8166089965398,Western Pacific
Azerbaijan,30446,23242,76.33843526243184,Europe
Luxembourg,6321,4825,76.3328587248853,Europe
Mali,2513,1913,76.1241543971349,Africa
Poland,43402,32856,75.70158057232386,Europe
Sri Lanka,2805,2121,75.61497326203208,South-East Asia
Brazil,2442375,1846641,75.60841394134808,Americas
Maldives,3369,2547,75.60106856634016,South-East Asia
Antigua and Barbuda,86,65,75.5813953488372,Americas
Saint Vincent and the Grenadines,52,39,75.0,Americas
Mauritania,6208,4653,74.95167525773195,Africa
Hungary,4448,3329,74.84262589928058,Europe
Slovakia,2181,1616,74.094452086199,Europe
Oman,77058,57028,74.00659243686573,Eastern Mediterranean
Sierra Leone,1783,1317,73.86427369601795,Africa
Russia,816680,602249,73.74357153352598,Europe
Czech Republic,15516,11428,73.65300335137923,Europe
Nepal,18752,13754,73.34684300341297,South-East Asia
Nicaragua,3439,2492,72.46292526897355,Americas
Eritrea,265,191,72.0754716981132,Africa
Guatemala,45309,32455,71.63036041404578,Americas
Armenia,37390,26665,71.31585985557636,Europe
Japan,31142,21970,70.5478132425663,Western Pacific
Portugal,50299,35375,70.32943000854888,Europe
Peru,389717,272547,69.93459356404776,Americas
Moldova,23154,16154,69.76764273991535,Europe
Afghanistan,36263,25198,69.48680473209608,Eastern Mediterranean
Togo,874,607,69.45080091533181,Africa
Iraq,112585,77144,68.52067326908558,Eastern Mediterranean
Algeria,27973,18837,67.33993493726092,Africa
Fiji,27,18,66.66666666666666,Western Pacific
Cabo Verde,2328,1550,66.5807560137457,Africa
Senegal,9764,6477,66.33551823023352,Africa
Cote d'Ivoire,15655,10361,66.18332801022038,Africa
Gabon,7189,4682,65.12727778550563,Africa
Cambodia,226,147,65.04424778761062,Western Pacific
Madagascar,9690,6260,64.60268317853458,Africa
DR Congo,8844,5700,64.45047489823608,Africa
Kazakhstan,84648,54404,64.27086286740384,Europe
India,1480073,951166,64.26480315497952,South-East Asia
Paraguay,4548,2905,63.87423043095867,Americas
Kyrgyzstan,33296,21205,63.686328688130715,Europe
Suriname,1483,925,62.37356709372893,Americas
Venezuela,15988,9959,62.29046785088816,Americas
Zambia,4552,2815,61.840949033391915,Africa
Australia,15303,9311,60.84427889956218,Western Pacific
South Africa,452529,274925,60.75301251411511,Africa
Haiti,7340,4365,59.46866485013624,Americas
Benin,1770,1036,58.53107344632769,Africa
Indonesia,100303,58173,57.99726827712033,South-East Asia
Panama,61442,35086,57.10426092900621,Americas
Albania,4880,2745,56.25,Europe
Romania,45902,25794,56.19362990719359,Europe
Bangladesh,226225,125683,55.5566360923859,South-East Asia
Ukraine,67096,37202,55.44592822224872,Europe
Liberia,1167,646,55.35561268209083,Africa
Spain,272421,150376,55.19985610507266,Europe
Uzbekistan,21209,11674,55.042670564383045,Europe
North Macedonia,10213,5564,54.47958484284735,Europe
Kosovo,7413,4027,54.32348576824497,Europe
Belize,48,26,54.166666666666664,Americas
Bulgaria,10621,5585,52.584502400903865,Europe
Sudan,11424,5939,51.98704481792718,Eastern Mediterranean
Rwanda,1879,975,51.889302820649284,Africa
El Salvador,15035,7778,51.73262387761889,Americas
Colombia,257101,131161,51.01535972244371,Americas
South Sudan,2305,1175,50.97613882863341,Africa
Yemen,1691,833,49.260792430514485,Eastern Mediterranean
Somalia,3196,1543,48.27909887359199,Eastern Mediterranean
Dominican Republic,64156,30204,47.07899494980984,Americas
Bosnia and Herzegovina,10498,4930,46.96132596685083,Europe
Guyana,389,181,46.52956298200514,Americas
Malawi,3664,1645,44.896288209606986,Africa
Eswatini,2316,1025,44.2573402417962,Africa
Nigeria,41180,18203,44.20349684312773,Africa
Lebanon,3882,1709,44.0236991241628,Eastern Mediterranean
Ethiopia,14547,6386,43.899085722142026,Africa
Kenya,17975,7833,43.57719054242003,Africa
Argentina,167416,72575,43.35009795957376,Americas
Ecuador,81161,34896,42.9960202560343,Americas
Israel,63985,27133,42.40525123075721,Europe
Guinea-Bissau,1954,803,41.095189355168884,Africa
Egypt,92482,34838,37.670033087519734,Eastern Mediterranean
France,220352,81212,36.855576532094105,Europe
Tanzania,509,183,35.952848722986246,Africa
West Bank and Gaza,10621,3752,35.326240466999344,Eastern Mediterranean
Seychelles,114,39,34.21052631578947,Africa
Central African Republic,4599,1546,33.616003479017174,Africa
Greece,4227,1374,32.50532292405961,Europe
Philippines,82040,26446,32.23549488054607,Western Pacific
USA,4290259,1325804,30.902656459668286,Americas
Bolivia,71181,21478,30.173782329554232,Americas
Montenegro,2893,809,27.964051157967507,Europe
Equatorial Guinea,3071,842,27.417779225008143,Africa
Belgium,66428,17452,26.272053953152287,Europe
Congo,3200,829,25.906249999999996,Africa
Angola,950,242,25.473684210526315,Africa
Lesotho,505,128,25.346534653465348,Africa
Costa Rica,15841,3824,24.139890158449592,Americas
Bahamas,382,91,23.82198952879581,Americas
Libya,2827,577,20.410328970640254,Eastern Mediterranean
Gambia,326,66,20.245398773006134,Africa
Zimbabwe,2704,542,20.04437869822485,Africa
Papua New Guinea,62,11,17.741935483870968,Western Pacific
Honduras,39741,5039,12.679600412672052,Americas
Botswana,739,63,8.525033829499323,Africa
Namibia,1843,101,5.480195333695062,Africa
United Kingdom,301708,1437,0.47628833176448754,Europe
Netherlands,53413,189,0.35384644187744557,Europe
Canada,116458,0,0.0,Americas
Mozambique,1701,0,0.0,Africa
Serbia,24141,0,0.0,Europe
Sweden,79395,0,0.0,Europe
Syria,674,0,0.0,Eastern Mediterranean
Timor-Leste,24,0,0.0,South-East Asia
